Order_id,Order_date,Customer_id,Product_category,Price,Quantity,Discount_percent
e8670d1a-5f1f-4535-80cb-e1847589ad4c,2007-01-25,9897,Books,30115,6,3
78d38c4b-e147-4293-8c19-d47d9353e8d0,1992-09-28,7340,Home,25742,4,45
965c5b08-cb94-4b43-b359-b296a6338ffe,2011-04-30,8716,Clothing,9448,7,37
b59641cd-6811-4177-98e1-524e3ad1f0a4,1979-05-06,9127,Home,29822,8,6
05efa81e-cd67-4ac6-a64b-06a3f4681c81,2013-12-25,5576,Books,46007,1,28
e6eaf639-0eeb-47de-91bd-d48a2333e995,2001-07-11,2326,Clothing,40854,6,19
6dad2d5f-ce43-4599-b1f0-08b7fce9f71c,1987-01-14,4231,Electronics,45149,5,22
a65b31bd-13e1-4b4c-8f6f-4b9efa368899,1991-10-18,8848,Clothing,30545,7,44
4af1aa2d-fc9e-4d89-8395-8edd31d8c75c,1996-03-21,9105,Home,43129,6,49
af943524-6596-427a-bce2-f694967cd400,2022-11-12,1787,Home,11690,6,28
d926ec00-3112-4536-8aae-da8a143780e7,1979-08-14,6442,Home,36241,10,16
f92a702d-3a1a-469f-8c94-d24b41fd6254,2001-12-09,9777,Books,38230,6,10
67d89419-6729-4b4b-a9ab-20574e9655ce,1972-01-06,3351,Sports,17139,6,44
0b2031e7-5132-442a-968f-e66c58a90d0e,1992-12-02,1993,Clothing,45641,8,3
46579483-3bc9-4fb5-9776-30a68ffcc742,1983-07-14,7256,Clothing,34318,8,48
de13ef23-f178-4f8e-b871-6b90293075bd,2013-09-30,1970,Clothing,9979,2,11
4f6b93b4-5307-4e56-9510-dfc80abe3585,1991-06-11,8560,Clothing,49885,1,37
25077103-ec32-410b-ae0e-079ed609436a,1983-04-25,4497,Sports,42218,5,40
5a079bce-eeee-4852-8311-63896bb02be5,2019-06-04,1022,Sports,48860,7,23
6aaa43b0-3012-4604-a3b5-cd2970081322,1997-01-29,2966,Electronics,22909,1,11
e62c97bb-8723-46ae-b72c-b6116bacc180,2008-05-07,4142,Home,7090,8,19
50720440-12c5-4763-a15c-d89546bcf934,1988-09-02,3015,Home,45525,9,49
9fa53186-8747-4445-a374-7a75a3fe8e72,1974-01-28,4450,Books,22775,4,27
cb21798f-bf7f-4e45-996f-b3e3ba0af0d4,1978-09-19,8133,Home,31135,5,33
c0848aec-8068-49d0-b375-de2b24b048a6,1976-10-10,7233,Home,43929,8,30
5e977cad-26bb-4064-badb-4f88879b6f0b,2008-08-06,4093,Home,48687,4,20
ec4946be-8769-4f4a-bfba-9ecd606add0b,2000-08-03,5406,Home,22397,5,26
3f8ae2dd-3e8e-40b6-aeb6-23dc8d69080c,1988-06-21,9874,Electronics,26430,3,22
1d4e1550-fcd2-43bd-b178-1bd6155182cf,2003-04-06,9440,Sports,29413,4,27
5101f224-3945-4102-b314-3bbf9d6c4e60,2010-05-12,6394,Electronics,17828,10,1
3706c6fc-3d13-4e15-8168-470c79c6391f,2009-03-27,6773,Clothing,32986,2,34
efd6ebfa-d5d6-4e27-8bf1-fd5d1b8fe055,2002-05-20,9976,Clothing,34651,9,16
279717af-9a17-49cc-9f08-24e456cb5007,2002-07-17,7550,Home,9135,9,49
bbc103d5-5c27-400b-9c7e-7871d1a55821,2009-01-30,8613,Clothing,17529,2,11
567e316c-8f2e-482b-84dc-6e4344139389,1973-07-22,2082,Sports,588,9,26
a169f945-4b52-425e-a35b-b602133dce5c,1990-02-27,8693,Home,47903,1,6
109fbc93-954f-4b11-9e8f-0fa3922ac4a6,1971-03-20,6423,Electronics,31750,9,47
498a8b78-8352-4a12-b8c9-d4a3cbb8eda6,2020-11-28,1483,Books,7554,1,44
9c54c38e-2423-47bf-976d-42fb9db19a7c,2011-08-27,2887,Electronics,45816,4,12
0e7e7b75-1cb0-400b-8fa4-07389283c2d0,2024-03-13,2817,Clothing,23571,7,28
4f4a1cdd-e610-4061-a5e7-9c8e5f86ef62,1976-06-18,9097,Home,27258,4,17
e48de155-b757-4962-ab42-fa72d535f0d5,1977-10-12,7326,Clothing,24373,2,32
f7f8e8ff-8a38-4db5-8bfc-6ddb2e64801e,2023-06-30,4725,Books,1591,4,10
1a31aadf-7e35-4ee0-bd4e-14f9f6e64da3,1996-04-24,9417,Sports,3229,10,36
142415e4-9349-4ae7-aa59-85e7d2c68b08,2021-10-03,1718,Sports,10265,8,30
e44374f6-62e0-4eb2-bdc0-17a4ea37d13b,1994-04-22,4355,Clothing,7196,6,12
b62f543d-d913-49bb-becc-c5e4dc5082d6,2013-01-26,4449,Clothing,44857,10,1
3f5b0c34-b9dc-4e57-834e-ff89186cf995,1982-09-10,4741,Clothing,39823,2,5
107c39ec-9a42-4621-911d-93f3568950b0,1988-03-15,8925,Home,8035,10,27
2052104f-e105-4eb3-aeb3-9836a26dc0a6,2011-09-26,7439,Clothing,30976,7,34
bc4bdd32-d826-477d-9e9b-28c6004cea20,1980-08-29,8810,Books,868,2,9
43ed685a-e380-4c0a-a045-fb4c12177175,2020-10-23,2321,Electronics,40701,6,49
2ae190f5-e6f5-42bb-9d5d-b035046f53b7,1975-02-26,7071,Clothing,4117,6,27
eec97b90-37c5-43af-8bdc-9702c945180b,1987-11-29,5839,Sports,8668,1,14
e87e2a7e-40f5-4a50-acfa-1abedb0b0ffc,1988-11-11,4835,Books,17618,1,4
4137fed0-9459-4207-a9d6-aaa2871d00d5,1984-04-23,8236,Books,12280,5,6
22d66c4d-be22-4e45-9859-9327e2f8e7a8,2021-04-16,6942,Books,16246,6,26
27bf708e-5da8-4d11-af02-c408043f2e48,1987-05-18,8667,Clothing,24940,9,13
8c809971-b7f3-47b0-8ddd-9337e4d28aa7,1981-06-28,6417,Home,11512,8,22
5b2820d1-fc06-4cb5-bc62-42c3f2bad09f,1986-01-04,5548,Home,19087,9,38
6b24a7e2-23c8-4576-bacd-1b8d01b61aca,2025-09-12,3625,Electronics,9690,9,0
9764bc78-8e9e-40e6-aa70-f13772c7f0f9,1979-02-21,2169,Home,25728,3,26
5efa3314-dc4d-495e-832b-9a467c5c28f4,1970-01-01,8676,Clothing,13970,7,32
eb9c3da2-7e39-4990-8e80-6c2667ce97c9,2007-06-24,9633,Electronics,12827,6,21
1bb805e2-6f4c-490c-9e98-23c3b7e3bc80,2012-06-11,2726,Clothing,2880,1,8
8a07d911-4dd2-46be-adf2-4255b92ca116,2003-05-22,7956,Books,31867,2,25
648ef42d-4f23-47ad-880b-5837e8a31486,2016-01-04,2419,Electronics,42228,7,32
ce2ae842-58fa-4e68-ae24-f54393f3ea7f,2000-04-18,8260,Books,22528,9,49
0ce3a5cb-68a2-4e49-b2b9-1289011e2495,2004-11-19,8553,Home,34763,8,40
21bfe0c9-2bc8-4df9-ac44-6793db20c5eb,2012-07-05,1792,Sports,39754,7,44
7012bd89-c0d0-4b6f-ad8b-54bda070a9b9,2015-07-05,1375,Home,28884,2,4
9f7782db-bd1a-4a38-965e-1da4a81c6988,1983-04-14,3544,Electronics,32731,3,38
1f7652b7-56e4-42ae-a689-a70fc643203e,1982-11-07,2666,Sports,26380,2,25
8f5d50b4-2325-4f91-93a8-4c91f7005cc2,2019-06-21,3918,Sports,24223,3,42
680c579b-49ac-4360-b3d1-b2fc4f8806da,2007-05-16,5805,Home,7700,9,27
a0c125cd-6526-41a7-9c0b-6118ce07904d,1978-11-05,9440,Sports,29944,7,14
ac6bb7f2-a2cc-439e-8c8b-725f6d261cf9,1990-05-17,5016,Home,14910,4,16
ee494caf-892f-4515-89b0-b7d3f083508d,2003-09-27,3662,Home,42757,9,38
b1c982a0-7b23-4fea-9779-64909e0703ab,1973-09-28,5895,Electronics,48478,1,44
903bb109-43ab-42dc-81dd-4f52003bc8af,1997-03-18,4140,Clothing,14714,3,11
8112e44e-967c-478e-b720-e0adfc2262ab,2001-03-12,4432,Sports,28374,9,42
03071b36-9fa5-458f-b8ff-fccf3497b688,2016-06-15,8287,Home,43708,4,36
4331d681-3dfc-48ea-a73f-2d758c1ae14b,2014-04-17,3022,Books,29952,1,32
ef137411-82d9-4cbc-a94c-64d3aff40d79,1970-01-15,5753,Sports,39620,4,44
034f90a1-bb0d-4f4e-a2f4-b7ae4e00a91e,2001-01-19,9365,Clothing,24069,2,42
2ea9ab0b-05f8-4730-9a4d-285ccc86ab7b,1970-06-13,5639,Books,37892,9,36
e031cdb9-1c5a-4ee8-8b1e-f4d21d03a702,1995-02-26,6728,Clothing,8535,8,1
72420a11-6204-4e8f-b0aa-b05c96b6fd45,2025-11-11,5891,Sports,39845,9,13
3e547f3f-2c47-4c39-a7d2-a14057dea98d,1985-04-09,8264,Home,5801,5,27
95dedd14-0555-449a-ae29-e28863e42558,1991-06-20,3730,Sports,25654,3,21
0f036591-346c-4a74-9892-86983c9049b9,1989-02-22,5380,Books,44284,9,6
aee85b05-99f6-41c7-878f-99d523b7de3b,1994-11-30,4369,Sports,13488,3,24
ed4111cf-67b4-4f12-aa52-fa62b76b0a1e,2010-04-09,8424,Books,33581,3,35
e9dabb37-d74b-40d6-bef2-69bf68297ba0,1986-03-28,3645,Clothing,13804,3,0
43870e14-d15f-4ded-887b-89207bf6d8b5,2009-08-26,7373,Books,1170,9,36
52541bbb-d9b0-4158-ad43-0c70b02aced6,1981-04-11,3964,Books,16273,4,31
8ce037aa-64c4-4972-8fac-2c80f7450a6b,1980-09-26,6644,Clothing,44260,3,44
6174ff2a-4621-4cdc-aa42-e6a754756248,1990-02-27,9180,Sports,4781,7,19
05a8c559-2fab-444f-a411-e6c92b0dcfa6,1989-11-21,4842,Electronics,45545,8,10
eed23e8e-ded7-4cf5-8f34-7dacb5ce4de8,1971-06-11,5222,Home,30006,9,13
b1e56d58-3087-4e37-bdfa-67b78be7bd3e,2014-04-13,8384,Home,42551,9,44
70f9d3cd-deb2-4dfa-9d32-32bf80848cb5,1991-07-12,8351,Books,42217,3,49
dfecb668-99fb-48c2-8996-11350ee3e65b,2015-01-18,5847,Books,20546,3,18
c182cf8d-a35d-4ade-a8dc-bd88622282eb,1984-01-18,8727,Electronics,20963,5,2
3f19c247-bdbf-49e7-b8e7-87c04e8dc9d4,1992-10-08,7266,Sports,49999,1,11
9c8fdf5d-078d-4650-ac2e-4620335c3e77,2016-10-25,5336,Clothing,39840,4,23
2d8568c4-caab-4298-8ef2-8dcffbc204fe,1979-12-07,3262,Electronics,42303,4,11
02a5e146-bdfe-4490-a5c3-e0dc98b8f7df,2015-11-19,3436,Clothing,35743,10,31
99613803-026a-4ee4-98cc-da0c758f64d6,2002-06-09,8711,Home,45393,7,14
8993cef3-5202-4ca3-90e7-7a409bba8826,2003-03-31,7959,Clothing,44836,4,35
923f3e9c-6aec-4ed5-a3c0-4763c8cf45c2,1985-05-14,9647,Sports,13308,4,16
c969955d-56f0-4e3e-94d5-168b3f0ee3c2,1982-10-11,1520,Clothing,42999,10,46
994f8f74-297c-4837-9123-c36b6781649b,1994-11-18,7815,Home,16095,4,11
d08b3a8c-98b1-46cd-b1c6-c1584460d527,1983-11-20,5722,Sports,39884,6,38
6a440fd9-e0e3-40d9-bf1d-73b825299c63,1996-08-31,5376,Books,26334,6,18
37854e83-0a61-4e90-bb16-70eff9011823,1977-05-03,5610,Home,45302,8,12
09f22311-1b35-48aa-86b6-1bba58628763,2020-04-24,7773,Books,44591,2,26
2ce2728b-b3e1-40a9-891f-9d1a59c1b8a7,2025-04-14,9851,Books,48278,7,5
4aee2e10-e413-46bc-9b73-f55ecc2ca765,1991-05-24,9569,Sports,30546,4,1
55d7b43f-5f49-4f73-a12c-f5bd1aa417eb,1974-08-04,1383,Home,42001,9,36
7a89814f-8cdd-44ce-b058-5bb14f02e040,1989-02-17,7405,Books,10152,6,46
ab9f6e33-2fce-4bd0-ac19-6336fd05c5a0,1983-02-13,1604,Clothing,33356,1,0
c0be5136-da79-4abe-8be9-d4cc5e37edf3,1976-04-11,6594,Books,21777,6,4
44705685-452f-4d67-8bf7-4e2ce8f48b4e,2000-03-16,3872,Sports,31719,4,5
c77c014a-9dc0-438f-83c1-b6f9e51e5215,2005-01-20,1381,Home,9928,10,33
f2cbb751-d781-4020-9631-1c41d2cb47d6,1978-10-10,3841,Books,43466,3,22
cc888ba2-d914-4edf-b98a-52d4d92e8dd9,2009-04-15,1650,Home,20253,8,37
205611ac-e5f5-4fad-be90-d9dbd3bcbd44,1971-09-27,5564,Home,27147,10,46
90451793-5f96-4ee7-88c3-c8446e5f717d,2022-05-25,1323,Home,14666,4,26
24402a99-3f54-406c-90ce-f7def70ba70c,2025-02-25,2680,Books,5471,2,9
6c95330e-183d-4250-80f3-68963c936e3a,2011-02-26,7461,Electronics,27996,2,22
dc8857b2-5c6b-4de5-a892-c2240e7ee269,1970-06-13,8749,Electronics,1456,8,2
13d96a4a-88de-47fb-80b5-45227e0453a9,2025-02-07,5568,Sports,45578,4,4
b9aba91c-18da-4144-b645-56166480cd63,2004-04-30,5022,Home,33724,1,3
99adadc6-84d7-4387-b49d-9da9f20809a4,1988-08-15,2903,Home,41735,4,39
bc380623-0f8f-4248-9dea-baa7de19cfb7,1999-09-04,8585,Clothing,32288,2,30
3c941c91-c62b-4e1d-9884-788f642ac4f6,2020-11-24,7245,Clothing,10844,4,36
2879be2d-edc8-40dd-ab45-cda770bf42f1,1989-05-10,4327,Books,21198,2,0
a8203593-6bcf-49e1-aa39-f41f8ebde640,1987-07-23,8727,Clothing,21731,3,8
7c45d28e-0fd8-47bd-8594-20da945d20b0,1972-11-23,9169,Books,20607,5,49
87cc243f-52e1-4385-8ab4-c0036f954e3a,2014-06-20,2500,Clothing,2421,10,21
9ac6f24a-1a78-45c2-a0fe-f0fbf6b514a2,1980-03-19,6144,Sports,33255,6,29
3deb9b11-81d1-404d-a683-ce508990a8cc,2005-10-03,7354,Electronics,44479,2,14
189bb095-ac12-49bb-b45b-38f792469975,2018-06-29,2215,Books,36626,10,32
97dd7fac-34b4-4e72-a357-ab269c331d8b,2004-03-08,7183,Sports,13883,1,13
09a562e5-761c-4c40-a3cf-d5b2b7d912cb,1992-08-26,5819,Sports,5310,1,5
82112693-a7e9-48cc-9416-b700711461f0,2009-01-27,3490,Home,42637,7,38
28d28681-52bf-4695-9382-77ce4322f58e,2007-09-01,5983,Home,2930,2,31
fc755b03-0a12-4c8a-a4e2-814c0a3d951f,1999-03-28,4110,Books,4348,10,50
a88c9da3-80af-4b2c-8427-21ce5e7dc5a4,2014-03-29,8230,Sports,31618,2,46
e8263754-75c6-4a60-8817-e1abf2230a7a,2025-12-30,5023,Clothing,35249,10,2
3e323807-83a3-4894-a54d-509cdc0430e4,2013-11-26,5649,Electronics,16057,9,44
d76f2922-d75c-492a-96bf-cafce9dc6dc1,2019-11-08,5593,Home,42362,9,27
0cb2f4e1-86c6-4475-8434-99d6f8008d5a,1987-07-29,7774,Home,43359,4,46
cb446e75-ed32-422f-be88-4def19fcce73,1995-12-04,8131,Clothing,17695,9,6
702c5a55-1e7f-4296-a4b7-76a50b53ae35,1973-08-03,5847,Books,10429,9,29
676a79f0-e3c0-4ba1-b055-75d9ef427b22,2015-12-04,8836,Sports,31608,4,37
f3108817-568e-4d4d-8dee-4a99585c7364,1987-07-25,7340,Sports,46162,9,42
0e45be42-8ecb-47cb-bc9e-5d7bd6e5d9dd,1997-09-24,1398,Books,33350,5,37
c48719f2-0395-4293-b0bd-5785b6d08511,1996-11-04,4250,Electronics,10030,1,29
dc654847-40f9-4db1-9afb-8d06c9807fbd,2013-10-06,7581,Home,19770,1,15
bcd04cd9-4613-4d56-bbec-8d352a25a2da,1998-06-30,8297,Sports,6486,6,23
6a517000-b8c7-4c2a-a2d2-51ba199f8da0,2013-09-15,4726,Electronics,39023,3,16
a2b77cc9-d901-4be8-bda7-70d4e70509e4,1998-05-09,2733,Clothing,30150,3,19
8663f23a-111d-437b-8036-db2e35fa218b,1982-09-26,2927,Books,11959,7,39
18c4a70c-77a3-4253-a6e9-7bc71eae0ec0,1977-09-20,9159,Electronics,35582,4,8
ed4387f2-3825-46a9-a068-0be84406eb49,1988-02-21,7291,Clothing,1093,9,39
43e777a5-a434-4ba0-9339-a489a243f9f1,2002-01-13,2877,Home,44899,9,9
61427983-9773-4d7b-ae2b-c5fa9c3248dc,1991-11-28,4937,Home,30431,5,3
819be801-991c-45a9-8727-90c6feea6f84,1980-06-04,1556,Books,45539,7,4
a6103ae0-da0c-4695-b172-ad27354ebd38,1991-01-14,6548,Books,23819,4,44
5b8dc43a-a7ee-4611-9b09-5547930fd07e,2007-01-15,9115,Home,21082,1,36
c0ef8fce-1ad0-4dd1-876a-187748c84c97,2016-01-31,4095,Home,3052,2,38
62bd5f2d-22cd-4d98-8ece-1fb326dc7dc0,1986-08-30,4411,Clothing,41136,10,13
73ec2411-a4ce-4825-8d2a-815209fe6a3a,2022-07-12,1830,Sports,31206,6,42
1ee33156-501d-48d0-938f-58d7d27f6f05,1981-06-05,1817,Books,49085,10,48
b26acc09-349d-4259-b810-212c7883f14d,1979-02-15,8061,Electronics,20007,4,24
fbfc8c80-1f9b-4cee-b00e-ec42df71eb8a,2007-05-15,5038,Home,882,6,41
71e31794-e6d5-4a48-9e80-320fc11562f9,1982-12-28,5065,Sports,2026,1,34
23c5f78f-5d08-4f4f-83d7-d13efcc2c224,2003-08-31,9148,Books,46667,10,11
89b4f96a-ce05-4b00-baca-962ccdf53a98,2006-12-28,6886,Electronics,32115,10,26
7f4a0f5b-bfba-4a0c-a739-3c648a54141c,2009-06-06,4562,Clothing,47045,1,4
060306ea-8ba9-4d2c-9579-8465a12f674a,2023-11-12,4931,Books,26905,6,2
d954310f-e3a0-420b-80a4-4d162f614ed5,1992-07-31,3031,Electronics,29514,10,21
7374de40-f53c-4666-9fc2-a201be533b7d,1991-11-20,9697,Clothing,14279,5,10
cc366be9-9e5a-4e9f-bc36-a0d9f46d9523,2016-04-21,9168,Sports,15577,4,48
e90f0b06-9058-4adb-a5dc-049fc777e4c0,1973-08-22,2017,Clothing,2656,10,5
09da4610-6da3-4add-a4d2-20959a82f5ed,1987-12-21,6365,Electronics,48664,5,3
4093c78f-4344-4a67-8968-bfe0e1f7cbdc,1991-09-17,3533,Electronics,29742,7,21
28c878e7-eced-4c6a-bc24-8cdbc76035d6,1995-10-26,7607,Sports,35508,10,50
fb957e28-5895-4fc6-9a56-4ca45aa0327e,2020-04-28,6195,Electronics,46795,3,41
1b54619b-2c03-46c0-9e65-0ef7913c8f8a,1993-12-03,8532,Clothing,18021,8,43
80ef6515-12cb-49a5-92af-f0e8c585c745,1973-09-30,8930,Books,30218,3,46
aeccbe91-0ca7-4a05-9a67-79eba32a7215,2023-05-05,8248,Clothing,22809,6,31
782c3564-bc52-4354-a041-6a2633f3cead,1983-05-04,2897,Sports,6121,6,49
811f0587-a743-4425-b11e-230bd6a22ffc,2018-08-22,3201,Books,37322,7,11
c8389115-e3e8-44b5-87fa-75f70ab3ebeb,2023-01-22,4781,Electronics,21187,3,37
b356cb56-59bd-4ae5-b2be-9260c2e847fc,1980-07-26,1284,Books,10764,9,27
5ec9060b-a6dc-44a2-8b28-164ef0ec4c95,2007-08-19,4586,Home,49863,2,18
4a09f0b4-c2f9-4e9d-a3fd-c01f6b99b184,1986-01-02,8967,Books,32192,7,12
14999628-22a3-4ab6-a337-3c641f7f0f32,1989-02-17,8059,Home,6681,7,10
e598f76c-b5d0-4d62-9b8a-c447d1ab4d4b,2019-03-23,4366,Clothing,20338,1,48
c81f7705-80d0-4d96-b3df-f69f2b1d6298,1996-08-31,9051,Sports,40394,10,24
959d9120-3b35-4c76-a544-9d47c8d822e6,1970-05-29,2104,Sports,1614,2,17
9f711036-f9cb-4479-bb6f-2253ebf837cd,1991-09-03,3456,Sports,8711,5,42
f2672b24-6f88-46b7-8a9b-243cd1ab14fd,1989-03-16,2997,Sports,19384,10,12
b6bef54b-d2fb-43b0-9872-bca6c764e293,2021-05-04,8763,Books,12962,1,40
e8ad340f-1f96-4069-bc97-b08a32733fd8,1981-09-24,4470,Clothing,42327,2,43
dd6858e8-6d6a-4bfd-8740-59279b2f6082,1973-05-31,1433,Electronics,38678,4,41
068a67d1-de85-44c6-aa6f-d9935b752b96,2024-09-27,8675,Books,40955,2,35
f79eb86a-a220-4b58-9add-b664c99b4f52,1973-05-23,6220,Books,42043,7,44
a3bb0112-a693-4613-a6df-c9fd1ebf7566,2019-11-13,2223,Sports,43400,10,14
dc7ff5da-550c-4f4e-b703-6d5695cf952a,1995-04-15,3394,Books,13341,9,49
6ddd4001-0788-4d12-90ae-e72e2835d2df,1979-03-10,6709,Clothing,8456,7,12
7c1d1c8b-c84e-4609-83cd-37a6a46e757c,1993-07-13,8780,Books,23861,4,18
58f6c603-916d-4006-98b0-0b8e546e840e,2001-05-28,9851,Sports,19394,10,10
4e22f991-c2c1-47f6-bf36-b3358e02d591,2006-12-30,1022,Electronics,15149,2,44
64de0fe0-8e98-409a-b2d5-0926cf8e1acb,1976-12-31,8232,Sports,8598,5,9
30314c42-cbdf-43a0-b8f4-2e7b708dd9f2,1976-03-14,3318,Clothing,24076,3,21
0d5cdfec-1718-4e07-a6df-364c9fc94827,1987-08-29,1480,Clothing,3834,4,7
8e0da5ae-0a1d-43db-bb0a-cd0ce1a0b081,1985-11-21,7234,Home,46197,10,33
8101f0bb-0725-4495-ba37-9d4f35ec4f9d,2019-12-20,8005,Electronics,7088,8,32
33ec8692-b3da-4c36-95fb-9d55f870aba7,1982-09-22,3827,Sports,34230,1,35
13e7cc8c-4134-4e77-afc7-25c93f5502f3,1991-06-06,1675,Sports,17167,2,7
b3859ab1-689a-42da-86cc-30efb14fc053,1982-07-19,5763,Electronics,15841,2,25
4647909b-600c-48df-a351-afbcc3ad9d03,2006-07-06,9403,Books,31595,3,6
6fe0f393-dd66-4dcd-959c-e5265d7c0f93,2015-07-11,5524,Clothing,41832,5,18
942dff44-d6a7-449d-baa7-3475f90c13f2,1991-09-24,5454,Sports,22986,10,16
c67ca3c9-a9bf-4355-945e-1af1aad3f551,2012-01-01,2974,Sports,36870,1,38
bb9e0ffb-aa5e-47f6-ac70-5b47819b0ae6,1977-11-13,9887,Electronics,26775,3,46
b11a9730-1a09-482f-94a1-44a074a07b7c,2012-05-06,2983,Home,3745,6,13
dff7c2fa-3caf-4faa-9ecb-c4494e14cd1c,1991-09-04,2126,Sports,22937,1,29
f52bf90e-dd2c-42b8-bb7a-9696b0d83f90,1976-09-15,7479,Clothing,20428,9,16
bc34dac7-fac4-4560-a13a-3a4c7c416a09,2020-02-16,4463,Books,7006,9,14
16edc997-62c7-4ea7-b7dc-45b3dc63d6d3,1977-03-12,4471,Home,28606,8,11
340f0154-bae6-4d95-93b9-d087f74e9c27,1998-02-03,6100,Home,13904,4,40
6d7ec6b4-2289-4891-b106-f611ff2cc930,1998-11-15,7169,Home,29170,3,11
c5b6dc04-4410-4a9c-8172-40a9ebc3e184,2024-02-27,4030,Books,49760,3,31
cd85c1ce-3308-4822-a130-ef5d3ffe1ce0,2022-03-03,6124,Electronics,39397,7,8
2e0d086a-d8c6-4f09-9e29-aade28e1f667,2003-10-16,5948,Electronics,18132,9,43
0dc7bb37-dc34-40b8-a373-92af0d7504d7,2020-02-04,4539,Home,45697,4,24
4cebab0f-f64d-4e05-b70c-55d6e07c712c,1997-08-03,5312,Clothing,49328,1,36
bc744646-6e58-4313-883d-41094a997409,1999-09-14,3132,Home,13598,2,24
7201fbbf-a8b1-438d-8c08-a7e01f90549f,1970-04-22,3581,Books,35622,2,27
98937f5f-5c03-4449-a4b4-09c5819c290b,1991-07-18,7978,Home,37522,7,39
48854a1c-c316-4648-b11e-99b9b59e3a05,1975-04-29,5195,Books,39624,6,33
f9cf3265-e131-4b41-9a61-4e172bb64bad,1987-10-14,9181,Home,12227,9,42
38509c66-a544-4b4a-a229-5df967a42814,2023-06-02,2822,Sports,5274,8,31
23908788-ab4e-4534-8be8-4f3ff91e3d4f,1994-09-22,2080,Clothing,2083,2,37
2f6e274e-231f-48d2-9540-5a284b3633b5,2022-04-07,6352,Sports,26036,7,39
6ca101b8-9d64-496f-a857-dd140fb2e361,2014-10-26,6190,Sports,23573,3,9
9831eaf7-0f34-4733-b19e-11569a644071,2005-09-01,9985,Books,20633,7,18
e49c3d8b-0727-426b-b5f2-a5d9c0090023,1978-03-12,8813,Electronics,41311,8,29
11bb2686-8371-4b47-849a-0b446a58bae1,2020-03-24,3217,Electronics,42021,9,49
08a489d3-bce9-476d-940a-9232d8376b0b,2004-12-11,1276,Sports,18386,1,15
635ccba7-f7f4-459d-9ef1-0d2de146f6ea,2005-02-01,3726,Electronics,4395,3,38
683619f7-bcd0-4f8c-89b5-4d3352802f10,2004-09-14,5285,Clothing,18983,8,46
f628d434-f5ea-44c2-90bd-eb49a87e92f3,1988-01-28,6896,Sports,33742,2,41
7dc32453-3bb8-454c-95c1-4fc41707ca5e,1986-12-12,8308,Sports,9555,6,38
bfade10d-2b0b-40fe-9826-e68c31ec17fe,1971-03-13,3360,Clothing,34068,5,26
efc836c5-c1f8-445d-8ed6-0034efea25b0,1974-05-28,5585,Books,36414,2,24
4e4ea9f0-97cd-4ae5-9753-979a49560996,1997-01-03,4575,Sports,5769,5,17
9fc0edd3-6500-446b-80ab-f34e9836a45e,2012-10-22,6971,Books,13709,1,6
29dfa4b0-2cb7-4e44-a0b4-97cc73235286,2020-04-05,6946,Books,24957,6,2
2e700694-415e-43af-8779-e19c071bc775,2006-12-20,8878,Electronics,25361,4,37
2f7068f2-826f-4d6c-acac-1f03fb808abe,1976-04-29,9010,Home,27964,5,5
b5c1ec69-19c4-4850-83a9-3277ded22b62,1992-10-01,6219,Electronics,4133,3,1
11bd3562-c8d2-4aec-ba15-da9b15c0b4d1,1975-04-21,6850,Clothing,29019,3,45
786f1088-0568-4581-bc4c-1aac955998a8,2017-03-28,8814,Sports,4136,5,36
27a77b7d-352b-4c63-a3c6-c2324802db22,1986-02-28,3867,Electronics,19313,7,32
7b1bf0d6-e59f-4e33-9056-ff603cbc8086,1993-03-15,8627,Books,38977,7,7
e1bed08d-8128-4132-9825-5ddfee1e40ad,2012-03-31,2651,Books,33694,7,8
94fab671-536b-4a2a-993e-c0c7fb0a281d,1989-11-09,6724,Electronics,37413,4,20
b3dfb323-12ad-4979-83fa-d553d026a1e6,1990-10-17,3523,Home,41188,5,40
d868d0d9-278f-4fbd-a3b9-49f3031b35a6,2020-08-09,7413,Sports,3239,10,37
54172fd0-783c-4d95-a0fc-3d724f4d66f6,2002-03-26,8024,Books,26509,7,24
859e4bcc-8657-4a24-8cf9-18ea40e90269,1981-10-24,7105,Sports,20638,10,27
f2640355-be76-4243-88e6-b2ca4face6ac,2021-09-09,5175,Sports,4185,10,0
797c02e2-51f1-4d7f-b6d4-15d448cc3d5a,2010-08-25,5678,Clothing,39824,10,45
280a3125-82a9-4ca0-a902-ceedb82c9974,2016-09-27,3617,Books,42121,8,40
3bcf9f7b-06b6-4aab-aebc-fac991fef105,1978-07-24,4225,Sports,20945,5,30
f7285ab4-fe24-4e66-8857-9ffeb4802da1,2007-08-17,4222,Clothing,7066,2,11
bba95023-0620-4546-a610-faaf4605ea18,1980-04-22,9758,Home,44103,8,9
6874ed02-9db8-4417-8aa0-1acdf6cf99f0,1995-07-31,4769,Electronics,4819,3,10
b0121f56-4972-4722-bdf6-56504ad8c9d1,2010-03-03,2070,Books,49513,7,0
a1e5ce32-d42d-48ab-a9ae-6e840485aad9,1999-10-28,8723,Sports,38962,5,32
1ce1a78c-addf-4938-8745-79ea03c5641c,1990-05-15,8097,Books,41263,5,43
98577921-89c5-468d-8000-944d2565a93d,1986-04-20,1516,Home,38041,6,38
6e8500a4-461d-4191-9bad-126878ca71cd,1996-08-07,3008,Books,44233,6,25
e23cb75f-8ed1-4a0c-8947-5fcb0b6cef7a,2018-05-27,6967,Clothing,18835,10,36
7fb09fde-dcaf-40cb-b6b3-143e03c04191,2019-01-26,3313,Books,12773,1,44
453a4575-4e16-469c-ab9a-249eaf421fa4,2011-06-08,8137,Home,42446,3,0
00b8893b-dca4-4a0a-ba54-73355ed7e8dc,1985-03-13,6675,Home,24048,4,29
2bf078cc-e40d-4760-96c6-22cc8de297e4,1986-12-10,8432,Books,35984,3,30
ca2726ca-fa64-4f26-851d-4c7bce371ff9,1986-10-07,1280,Home,41717,6,35
97cce633-1392-4642-86b7-2129ac5c0337,2003-12-25,6035,Electronics,11563,7,43
92d3b9d3-5f4d-4f55-857b-477966406a7d,1996-07-18,8068,Sports,1945,1,25
2f94666c-cd76-460e-94b5-c93de6d49c04,1981-08-07,9113,Electronics,49081,6,28
acc9da09-82fd-4267-8455-0d22cf8ccdb2,1980-03-23,7454,Sports,1837,5,39
884e6bc4-5068-4409-a3c7-851693d3ee2f,2002-03-18,5279,Books,7187,5,33
c89085a6-7ef7-4cd2-bd49-0edf5b45a681,1986-07-26,2431,Books,4368,2,14
b51ffc27-ad25-4813-bfcf-f22257bd4563,1975-03-02,6586,Clothing,4276,8,16
fe6c1b36-6d0f-4a95-a243-0becf890f6de,2013-08-08,8660,Sports,7763,9,39
0f2f67ad-47e2-47eb-8666-776716c1c205,2015-06-20,8030,Electronics,3916,1,25
5c656316-1688-438f-9016-97b558d6e431,1987-05-15,3252,Electronics,48177,2,37
4e3f186b-b43f-418a-9aa5-f7463b9a1a1f,2013-07-21,2898,Clothing,1898,1,3
48689b79-3611-4ec1-9364-62a84b15eaf2,2007-12-16,9338,Clothing,44126,6,23
3f9c09d2-dca1-4582-8103-77ae021868a6,1981-03-22,2441,Electronics,18428,4,30
94c4e564-341f-4071-bb0b-88e62fbaf5cc,1991-07-31,1784,Sports,3462,8,43
9b148837-8c81-4c3f-b9a3-fe6476efd92a,1984-12-26,3847,Clothing,4934,10,5
25c8d58a-f489-4e9a-8a8a-d2db4fa6ff39,1977-06-22,5319,Home,26863,6,15
d6441f00-aa0e-4776-b057-a3a30eee6661,1986-10-13,9461,Sports,14614,1,14
00e5387b-cf33-4dc1-8d1c-c9e714beb2ad,2013-10-26,4520,Books,24771,8,36
2b414c0b-9385-4fa9-9208-c85f69f729c1,1980-04-19,2125,Books,38413,10,24
6d35fd14-aab2-41ff-bf63-7cac6c8e306f,2019-11-29,7198,Home,24371,2,4
06d0c22d-cc62-42de-b80a-e92193b6a3b7,2009-03-03,1526,Sports,44014,6,35
1a65dcc8-987b-4bc5-adb4-70cc78a086f1,2016-01-12,1170,Home,38354,1,7
95681cc5-fcbd-4b52-a420-0e03ad785b2e,1974-11-02,4671,Books,19075,7,38
87190a21-c700-4ed9-a4d6-f4047edf78ef,1999-11-20,6174,Home,4926,10,4
57940b47-83c4-4e65-ba24-10539adc4f14,2015-11-26,8091,Electronics,20563,9,45
43bfee9c-a042-4f02-9003-22fcfd76b550,2007-02-11,7124,Home,13742,7,32
577b7c90-0362-42a6-8e0a-924411c5f14a,2011-09-04,1285,Electronics,12754,9,4
61931958-47ed-4097-94f9-8104226dc294,1999-05-06,6429,Sports,13048,1,31
778057b8-b762-47ce-a858-b9ffdf9dd42d,1998-09-23,8798,Clothing,22838,2,30
ac800c6d-5e0b-4cb8-8d38-c250cbead026,1997-05-25,9881,Books,23893,5,9
990792b1-2a25-46f4-aca8-06c12224817f,1992-07-16,8625,Home,26032,3,48
3e58d820-cf0b-41c6-a459-0ecba9f6fbba,1985-11-11,1402,Home,39287,2,38
a1f54805-dc0a-48e1-8809-c9d44511cfdb,1971-07-03,9543,Home,38403,6,9
aa2ce4f9-fabe-4305-b393-dea139884551,1989-06-16,2681,Home,23999,2,2
6c77b969-6827-46e9-8ff7-2d6b7e2e121a,1994-12-06,4191,Books,7236,6,3
70ac93d6-0d6b-46ed-a7d6-3dedd5fb5b8a,1972-04-16,9053,Books,15345,9,42
a0bcf85e-d2b7-48d4-b10c-d7190c198437,1987-03-06,8804,Sports,30842,3,6
4fa5263a-a132-4f0e-8696-df93a1253c62,1990-06-06,2424,Books,42398,2,42
a0ddad5d-1410-4e95-b235-6c4f8cb035b2,1984-05-19,3943,Books,14002,1,5
bcbd4521-f6eb-4d44-b6eb-7709cf312829,2015-03-29,7946,Sports,3363,5,11
6d8a4b20-f617-4ca1-abdf-c07a58ea6637,2013-03-30,8783,Home,19683,10,49
15603da7-aea9-4a6f-8fb6-3693ef0ef8c9,1990-01-03,1266,Home,4537,1,13
2667cda3-e05c-4eb8-8cb1-d0e0656ea9b3,2011-02-07,9560,Sports,23088,1,18
a0576a3e-c403-43ed-a5c1-4d0883419494,2018-08-22,6056,Books,34945,8,6
ecbc941c-f14d-4dee-9fc2-eee184b62ffd,2007-08-14,2435,Electronics,27718,4,39
cf80cf13-3ef8-436f-94d7-bc11838e9e37,1979-03-03,1338,Home,43551,7,22
12382051-0f7e-4a58-94ef-47a83105c26c,2007-02-19,1928,Electronics,12267,3,13
5d922e2f-ea83-44f5-ac0c-053199feb1bc,1990-11-09,5095,Electronics,41849,10,29
e82bd73b-cbf4-4d9b-8fd3-043dd7429c62,1973-06-14,9152,Sports,4422,8,10
4b7cf384-37c5-44ce-a54e-c2de6f54f19b,2015-06-11,6346,Electronics,24777,6,28
4b60dbc2-db04-4aa8-a2ca-e14a134e8f06,1977-03-16,2603,Home,4442,10,28
cb09a24e-13a6-45a8-9cd1-9dfecf2c3331,2007-10-17,3284,Home,35412,7,2
d1afb3f0-66e1-4c6e-adae-37a8eab2b805,2022-07-21,8969,Electronics,37003,7,43
bbaf17b9-2db0-40a1-b6a4-ee4c81dc7308,1986-11-13,7794,Clothing,34116,4,15
0e0c8f65-d43e-4454-9ec1-d89b620c8bb9,1980-05-17,6055,Electronics,17215,7,1
29da36fc-3d90-47af-824a-463237a183c6,2009-12-05,4454,Sports,33650,2,21
921102f8-c5a4-4a0a-b3a4-7399b883c148,2009-07-04,6494,Sports,9033,3,18
b3b0ae2f-3107-4d21-874b-fe746b816951,1996-08-14,4583,Clothing,15029,9,9
14c656bd-d5f5-4bf7-a493-d99b0f05cda6,1985-08-31,6192,Clothing,49744,10,3
84fc8323-b379-4429-af18-fc972678fa34,1981-04-29,3189,Clothing,33473,5,19
7f1d2dd3-2a5f-44d7-b17e-ab77e6315713,2015-12-23,3163,Sports,9499,8,32
a0a70d3c-302c-4c1d-a230-d5f09265c2a8,1993-10-01,5243,Electronics,40256,1,39
c78eedd7-3f24-4adf-a095-9791e01050c4,2008-11-22,1120,Books,49106,6,14
aa40f2af-b9c3-4d0f-9b31-f7f7f9cf89e9,1972-11-13,9409,Sports,45213,9,7
86b4a608-047b-426b-8a34-501253db5b13,1978-07-03,1696,Sports,7575,10,48
35c92a43-3a89-468f-bc2f-0ba8562e70ad,1991-01-24,1514,Electronics,46949,5,6
e09dfd23-96eb-4f7f-b24c-3d376e4b60f4,1987-06-11,8388,Home,49455,3,43
bf64d69b-9324-4c5e-b2fb-881008edc63b,1994-06-09,9648,Books,15479,10,44
dc6829a0-930e-4925-afee-1e6bfab15e00,1972-01-12,6776,Home,17990,10,35
89ca75d0-2e03-4f4b-ae16-418b68eb1a6d,2012-07-09,7447,Sports,43538,4,50
b33d50da-7b09-48ac-921a-bd2ccb306874,1981-02-22,7265,Clothing,30628,2,43
5be42b06-2b0b-44ca-ac9f-8123ee35871d,2014-02-26,9333,Clothing,23321,5,50
9d393b63-748c-4a24-9e5d-d00d4634ff7f,1997-09-15,5370,Clothing,3511,4,1
fb360203-139f-463a-9410-3d676fee9515,2025-12-31,9694,Electronics,43915,10,1
7791040c-0e03-490c-a867-409540cdf267,2003-10-19,7999,Electronics,22343,8,20
52fc813a-0644-4ed2-b9f6-f67bf60c3ff3,1981-02-18,3045,Sports,18451,9,11
e9b8f6bc-ba8a-4b42-adad-a738a3591d78,2013-03-19,4908,Clothing,29358,1,45
137f12a0-3077-4142-932f-39edb28b64c3,1992-04-21,2547,Sports,25195,6,48
afb87e43-af07-48df-b4bd-df956fb3f4b0,1996-12-23,5585,Home,32624,1,10
0240414c-42a4-4e7b-b3bd-5689591a2ae2,1973-11-16,1478,Clothing,47748,6,46
81c40650-6935-457f-95ee-512e2ab9ac50,2005-04-11,6819,Home,48717,9,21
f136d880-f231-47f0-9905-3b1ffa675df6,1988-04-28,4610,Home,39314,10,47
33ee023a-ab55-4770-adb7-b858dd9b932f,2011-09-25,6649,Books,2086,2,25
851dc755-7db2-4969-aef7-66cdc4873d1c,2024-01-28,4121,Books,45056,9,0
eeeec646-3527-45f5-9cbc-7152f073c2f7,2005-01-30,4821,Books,34590,4,25
c9e71937-beeb-4e47-9f01-1cdc3e32b851,2017-06-22,5701,Clothing,11185,9,32
87cac814-0c6d-4579-be20-2cee3d8203fe,1982-03-16,9229,Electronics,19754,8,18
6926f410-c163-4766-b052-23dd4619413a,2007-04-13,2150,Books,21335,9,19
88f93af3-046c-4dd2-9751-5f635576e1b2,1970-10-06,4931,Clothing,15720,9,21
ed6c38e9-1dde-47df-b8ec-ee5888c16f9e,1998-10-09,7842,Clothing,24562,8,33
9821e3c6-2f14-4003-8548-62d2f4f01e1a,1982-03-20,8913,Electronics,29600,9,22
7451ec45-161f-4c6c-bdd3-fb7f5d6d2b41,2021-11-19,4036,Electronics,34050,7,28
82e8171c-6a17-46ae-b3f4-d0907cab9eee,1987-01-30,6346,Clothing,31082,9,31
33c99cd1-79a2-428c-9423-0f8a1bb829f0,2008-11-30,2431,Books,5315,10,14
935010e0-361f-4683-bf79-2ed5e5b07335,1990-10-08,4010,Home,32370,7,5
b5d31eb4-6579-4e57-8d3a-43cf94094d5d,1985-06-05,3864,Sports,12470,9,0
5fcfcf28-180d-4296-a3f0-4ab9884cce5a,2021-07-29,7868,Sports,5250,8,11
658b0b90-d458-4c6c-b9b2-cd591d6f203a,1973-08-26,1186,Electronics,7372,5,12
5062821a-cc88-49eb-b033-3d95d63dec1d,1982-04-27,6202,Sports,5020,1,44
5ba52ecb-4e4c-454a-a27c-2219ded210e3,1998-05-25,9692,Books,48526,2,26
43ca0999-8288-4188-9e5d-a54dfe410b7a,2000-05-19,1938,Home,20823,7,34
0e5662e5-c7db-4240-94be-d5cc74158518,2013-11-16,8687,Sports,17842,9,32
63dc0064-783c-4476-a438-0faa130a12f5,2013-02-26,1398,Home,47005,8,46
c9ca40a6-4633-420a-a8a0-68c496d5b60d,1987-05-08,5931,Electronics,17050,6,12
699f6f55-0300-415c-98d0-262756aa49e7,1991-02-25,3948,Sports,2563,2,11
26232765-bb39-4bb2-861d-1a017e970257,1991-04-15,5087,Books,44135,5,33
66b62fb8-e7ef-4f3c-a89b-4fc8a26421f9,1992-01-31,9442,Home,27769,4,10
a645df32-395c-4f71-859d-99036964cedb,2013-03-28,5818,Books,13742,2,48
6701b4ef-c324-4e31-a9fc-8ab6096d71b9,2017-09-15,1550,Electronics,27391,9,9
b959c996-2f7e-4157-b794-3a22043d62b5,2009-09-24,1065,Electronics,38049,8,12
8fb6a486-8e37-493e-9003-ef407b00143f,2024-04-06,3046,Books,22417,5,50
bc9b9859-0bf2-4bc6-9b7d-c5d494524d40,1973-11-29,4855,Books,30138,7,47
6991e75a-a614-44b5-ad61-e911ad3a2250,2016-02-20,7076,Clothing,3248,2,32
01effbf3-f251-4d16-9e91-e3f056da7c2e,2022-04-22,6100,Books,34601,9,46
266c3a66-efdc-4411-8ad5-a177a06e439c,2008-04-03,6931,Books,26582,8,47
2b3176f0-5f69-44f1-bcc5-ecc4db15665c,1978-07-13,4534,Books,26869,6,19
58eaf5b5-8212-4f69-8deb-0e20c3455b2f,1977-11-16,6367,Clothing,46527,7,1
7c9e153d-0360-40f6-8434-db7f96e4b1ab,1980-10-27,4759,Books,33245,3,24
e4cd683d-1522-44e3-bc65-1ebdfc48abde,1975-11-02,2494,Clothing,9975,3,29
7622d9bc-189b-4188-80c1-7b2aa7665013,1974-01-12,3881,Clothing,42286,9,37
9bb68096-3bc8-4742-b7a1-91d918b6a294,1987-10-24,7302,Electronics,33687,9,36
58f4f38a-76f7-4a15-9f8c-3bfd853e08b4,1988-08-11,5353,Home,21398,2,33
bf24eb72-4ec5-47af-b13d-04409f8aa626,1980-12-12,1123,Sports,33124,5,22
b9b6a919-bab4-4f2a-9f6a-6ae93162d3cb,1991-04-29,7125,Electronics,28461,2,35
17ac88e7-6178-42aa-ac10-0788c20055ac,2011-06-10,3235,Books,28154,7,8
2517635e-d1ff-4744-a37b-22cf0378dc31,2012-05-30,7210,Books,24154,5,18
33cbabc6-2bc6-403e-b006-f4b7656578be,2002-09-23,9818,Electronics,25522,10,31
cf0f35ee-60fb-49e2-b9ff-458d9ba7f2b4,1992-02-29,6074,Books,26608,7,14
59d2e439-d22a-477e-a1fb-9b0b62f645a0,1987-04-20,3586,Books,29594,3,29
aef1d4d9-6335-4e8e-9997-d361d2a30174,2017-03-05,5747,Electronics,20281,6,15
877f2fa9-0d5b-49ae-a0fa-303ea1720fa4,1994-05-27,6703,Home,15580,10,43
1ca3983f-fc85-4ed5-b4dc-72fc406c14d4,1997-04-14,7191,Clothing,28193,8,49
f69690b6-67e7-40f2-bef3-18bb69d4d2dd,2006-02-13,6554,Books,35800,5,26
47e737e6-0327-4dbb-b2c9-132a5d79bbdd,2014-02-08,4040,Books,38209,8,31
80baa45e-5e54-45b5-be0e-b3237e6547bf,1987-11-03,7447,Electronics,12826,2,45
164874b2-a7c5-4cc5-a344-0e96ffde7edf,1972-01-23,3710,Clothing,3345,1,15
9e809d35-9ac0-4003-a259-34c4f272df73,2024-08-21,6543,Clothing,46052,9,44
50255a2c-7040-4a3d-b07f-de1a815f593a,1994-05-10,6448,Sports,40254,6,27
00b7b2aa-61c0-4d87-98a6-a4a6ccf90961,2006-08-19,6492,Sports,18560,6,24
5af5f73a-e5dd-48db-9e7b-d38e1dd5ad31,1976-02-05,8499,Electronics,43732,2,31
9a1a34cd-f522-459d-9b77-98c0c8a8f4da,1980-09-09,8174,Home,1608,10,19
0cbda3ac-e693-4131-b9f5-e67a185e7119,2020-01-18,7936,Books,44603,8,16
0883da32-356e-47cf-8898-2031770dab81,1998-12-23,7335,Sports,22468,8,15
456dcc10-8f4c-4754-b5ee-80735f42a8c9,2015-10-25,2581,Clothing,38462,6,15
b7e25a15-ac03-4909-a6de-4852c4353f6f,1970-04-20,7710,Clothing,7912,7,12
7093a0b8-4270-4311-bea3-08612f4ae4d4,1991-11-09,8234,Home,18719,2,3
35569805-e4f5-4063-a7f3-dee65dfd925e,2010-12-31,9960,Electronics,48659,6,47
5e2f6860-8735-41f9-a10c-616276fa2289,1990-02-18,9680,Books,11335,2,29
971ae645-61c5-4dde-9e18-4fad1c4eb7c8,1972-11-12,9744,Clothing,41635,9,19
166eaf5c-e6c2-4188-9dae-06a0a16b5f47,1984-11-09,9760,Clothing,3643,1,50
2f15dcc6-875f-4fc3-9d62-64b5de8c1a4a,1972-01-18,1437,Books,24857,5,30
8b7cbb49-4d47-4fb7-8335-c9cdd7341243,1987-06-12,2447,Clothing,1142,10,6
219dd151-4618-4712-92fb-27e61d967bfd,2013-02-14,9591,Home,6748,3,40
d546547a-c761-4262-be18-a87392cc4cbc,2017-11-23,6289,Clothing,38200,6,6
3fb9b3a4-9e89-492a-8768-7c2007e815b1,1983-12-27,3490,Books,3320,1,18
4ab75a74-1d14-43f7-9eb9-4f170de4187e,2018-06-26,7423,Home,33670,2,9
e9e7a7bc-8eb6-45a3-8494-45213d07cd65,2005-01-11,9948,Clothing,1458,2,20
a6aaae5f-dc41-4ee6-84a5-21b9a867db82,2015-09-29,3680,Sports,18861,8,27
cbd9bfcd-2d8a-4753-93d8-e91aa8789680,2003-09-01,2084,Electronics,42661,7,3
40aaedaa-d1d8-404c-baaa-15db51d238f9,1990-05-28,4597,Electronics,13400,5,28
1c94bbf9-13af-430b-a567-9a69ced194f3,2007-09-24,6254,Home,39894,9,49
12cd9004-b788-4016-ba0d-b85c36ccdaf4,2012-12-21,8943,Sports,1191,10,0
9694b5f0-885d-4bfd-8ed5-b6a6984711d9,1993-08-26,8574,Home,46661,7,0
d8965439-fbc0-410b-9587-2d046c9c654f,2004-07-20,6407,Books,15060,10,33
ebf160ad-5771-415b-9bd8-2fe38a16c35e,1997-10-23,1427,Electronics,13927,1,24
222131ac-4c1b-4027-8f14-e6b975f33fda,2016-11-04,3507,Books,35065,4,31
629566f2-bf0e-45d8-af48-adfd5b4a0fd3,1994-09-04,8143,Books,23680,2,6
62017d48-1300-4e00-93bf-f4e464cb3b4d,1973-03-05,4055,Sports,30069,1,19
76e6cc18-3600-425e-b782-8c6903352a2d,2024-05-18,3073,Sports,31054,1,20
195f0a8b-cd11-4d81-b221-505c0daf5190,2018-11-23,9705,Home,23259,5,2
5a78f9f8-a270-4f8e-9e89-4e76bd468641,1982-06-28,8893,Clothing,33865,6,20
d8292892-8594-4253-b3c7-272c0779ef57,1984-07-10,7015,Clothing,26793,7,16
083169b9-c39f-4431-86ae-e3a4eff27ed7,1992-08-31,8400,Sports,690,8,32
e74f284b-81b9-437a-b1f1-96051e6676e4,1984-12-31,7918,Books,39438,1,16
680dca18-5062-44cc-9d36-cd289c84e35d,2023-01-16,2492,Electronics,7407,7,42
b33de431-e624-49cd-956e-756da4354f2b,1995-02-18,2346,Electronics,18144,3,22
b2aba29e-197f-4e85-97e9-ab0168a9b5af,1983-09-24,5208,Books,7844,8,41
0ab8cd02-f712-429c-be44-6701a89afe5e,1998-12-16,6482,Clothing,22035,5,11
8f9ea990-41b4-4a73-ae99-08c8972e2c5b,2004-08-09,6975,Electronics,19592,4,7
f2e34f07-8eeb-46c1-9f25-052bd0a7d483,2016-09-09,8550,Books,20212,3,46
4ebf5164-02ea-440b-803f-87100d4420cb,2023-12-13,7122,Home,35217,1,8
c2bee08f-2e4a-4de3-b289-12c910097169,1985-12-07,5140,Clothing,39784,10,47
99fc2cf8-f92e-44d0-b92c-a0db309d5b1d,2014-01-07,9091,Electronics,1235,9,23
f70f376b-9ebf-4d26-acb9-25f4838fadff,2003-02-02,5824,Electronics,24533,9,6
10e83896-b918-4c1c-a748-e1d15bcbb8bc,2005-05-12,7882,Clothing,20347,4,35
690bc6e7-2a1b-4f5a-9fab-92025d9b3cdb,1984-11-10,3815,Sports,24696,6,40
40d394ac-7ad8-4580-a378-69774455b6df,1998-12-13,8600,Sports,44703,10,36
fe7c4325-6ef2-4472-979e-023714a09578,2018-12-17,4771,Electronics,48091,9,16
f0237b46-f0c9-499e-86bd-0926e721a8cf,1971-01-05,7575,Electronics,34158,9,12
f2e06e0f-bd9a-45e0-81f2-83b10f2e4ada,1994-09-30,3380,Clothing,30438,8,2
d024ca4d-fd1e-4ed7-81f2-f8f9448479b4,1999-09-02,9027,Books,23976,9,11
8b7157da-2070-4774-89c5-bd61d9fecf50,1992-06-12,1188,Home,29375,6,44
15cbf750-9f8b-4e5d-9fbb-8716810cff9a,1996-02-28,9521,Electronics,26822,2,30
bfcf9dc2-50fc-40e7-9203-9b1dec03b5dd,1983-12-24,3948,Electronics,44474,4,17
5f92aaad-72bf-4311-a301-93c0ccc4c22e,2010-01-20,3681,Clothing,47119,1,27
601383ee-6c3d-45cc-8acc-88cb34bd916f,1971-07-15,2897,Sports,10238,8,33
a79dd922-e7eb-49d1-8a00-85973ad61933,1977-08-11,8167,Electronics,45295,3,21
526b6459-f4d9-436d-971b-10699805a565,1986-07-28,9462,Electronics,5869,10,26
f2be78c4-c6b4-41ae-a8ab-c7c08796b300,1989-08-27,5927,Sports,21414,8,9
60144cce-f89f-42a7-9f66-df6f26960972,2020-02-24,4919,Home,13731,10,26
6793f87c-9d45-4690-ac2a-b366bc8b4c78,1970-04-22,8973,Books,28473,1,14
c0e14c7c-9a99-40a3-a46c-5dc4278c8fa5,2010-01-03,1318,Books,26846,5,15
47e95ca6-e984-4950-b46b-b2f7d41d8bc8,2009-03-20,4341,Sports,44737,1,41
791eb838-0a6d-48a3-a47f-d4b27eb137a0,2004-09-24,5062,Electronics,31212,8,10
133cf9c3-e63b-402d-99aa-3a2b3c21ddc5,1993-02-14,5497,Sports,5232,5,40
